DesignCollectionName,Human_BRCA1_variants,,,,,,,,,
CodonUsage,Human,,,,,,,,,
EditType,TargetType,FeatureType,TargetName,CoordinateType,PositionType,PositionValue,SaturationReplacementType,Control,NumberOfCoordinatesToDelete,InsertionSequence,Comment
Substitution,Chromosome,,chr17,Nucleotide,Specific Position,43045681,,,,T,
Substitution,Chromosome,,chr17,Nucleotide,Specific Position,43045681,,,,C,
Substitution,Chromosome,,chr17,Nucleotide,Specific Position,43045701,,,,A,
Substitution,Chromosome,,chr17,Nucleotide,Specific Position,43045711,,,,T,
Substitution,Chromosome,,chr17,Nucleotide,Specific Position,43045711,,,,C,
Substitution,Chromosome,,chr17,Nucleotide,Specific Position,43045725,,,,A,
Substitution,Chromosome,,chr17,Nucleotide,Specific Position,43045728,,,,A,
Substitution,Chromosome,,chr17,Nucleotide,Specific Position,43045729,,,,T,
Substitution,Chromosome,,chr17,Nucleotide,Specific Position,43045734,,,,A,
Substitution,Chromosome,,chr17,Nucleotide,Specific Position,43045735,,,,T,
Substitution,Chromosome,,chr17,Nucleotide,Specific Position,43045735,,,,C,
Substitution,Chromosome,,chr17,Nucleotide,Specific Position,43045754,,,,T,
Substitution,Chromosome,,chr17,Nucleotide,Specific Position,43045759,,,,T,
Substitution,Chromosome,,chr17,Nucleotide,Specific Position,43045760,,,,T,
Substitution,Chromosome,,chr17,Nucleotide,Specific Position,43045764,,,,A,
Substitution,Chromosome,,chr17,Nucleotide,Specific Position,43045767,,,,A,
Substitution,Chromosome,,chr17,Nucleotide,Specific Position,43045785,,,,A,
Substitution,Chromosome,,chr17,Nucleotide,Specific Position,43045786,,,,T,
Substitution,Chromosome,,chr17,Nucleotide,Specific Position,43045794,,,,A,
Substitution,Chromosome,,chr17,Nucleotide,Specific Position,43045796,,,,T,
Substitution,Chromosome,,chr17,Nucleotide,Specific Position,43045797,,,,T,
Substitution,Chromosome,,chr17,Nucleotide,Specific Position,43045802,,,,T,
Substitution,Chromosome,,chr17,Nucleotide,Specific Position,43047651,,,,T,
Substitution,Chromosome,,chr17,Nucleotide,Specific Position,43047652,,,,T,
Substitution,Chromosome,,chr17,Nucleotide,Specific Position,43047656,,,,A,
Substitution,Chromosome,,chr17,Nucleotide,Specific Position,43047659,,,,A,
Substitution,Chromosome,,chr17,Nucleotide,Specific Position,43047661,,,,A,
Substitution,Chromosome,,chr17,Nucleotide,Specific Position,43047662,,,,A,
Substitution,Chromosome,,chr17,Nucleotide,Specific Position,43047665,,,,T,
Substitution,Chromosome,,chr17,Nucleotide,Specific Position,43047666,,,,T,
Substitution,Chromosome,,chr17,Nucleotide,Specific Position,43047669,,,,T,
Substitution,Chromosome,,chr17,Nucleotide,Specific Position,43047674,,,,A,
Substitution,Chromosome,,chr17,Nucleotide,Specific Position,43047679,,,,A,
Substitution,Chromosome,,chr17,Nucleotide,Specific Position,43047681,,,,T,
Substitution,Chromosome,,chr17,Nucleotide,Specific Position,43047687,,,,T,
Substitution,Chromosome,,chr17,Nucleotide,Specific Position,43047699,,,,T,
Substitution,Chromosome,,chr17,Nucleotide,Specific Position,43049137,,,,T,
Substitution,Chromosome,,chr17,Nucleotide,Specific Position,43049137,,,,C,
Substitution,Chromosome,,chr17,Nucleotide,Specific Position,43049140,,,,T,
Substitution,Chromosome,,chr17,Nucleotide,Specific Position,43049140,,,,C,
Substitution,Chromosome,,chr17,Nucleotide,Specific Position,43049147,,,,A,
Substitution,Chromosome,,chr17,Nucleotide,Specific Position,43049150,,,,A,
Substitution,Chromosome,,chr17,Nucleotide,Specific Position,43049166,,,,T,
Substitution,Chromosome,,chr17,Nucleotide,Specific Position,43049174,,,,A,
Substitution,Chromosome,,chr17,Nucleotide,Specific Position,43049181,,,,T,
Substitution,Chromosome,,chr17,Nucleotide,Specific Position,43049182,,,,T,
Substitution,Chromosome,,chr17,Nucleotide,Specific Position,43049186,,,,A,
Substitution,Chromosome,,chr17,Nucleotide,Specific Position,43049192,,,,A,
Substitution,Chromosome,,chr17,Nucleotide,Specific Position,43049193,,,,T,
Substitution,Chromosome,,chr17,Nucleotide,Specific Position,43049193,,,,C,
Substitution,Chromosome,,chr17,Nucleotide,Specific Position,43051088,,,,T,
Substitution,Chromosome,,chr17,Nucleotide,Specific Position,43051088,,,,C,
Substitution,Chromosome,,chr17,Nucleotide,Specific Position,43051091,,,,T,
Substitution,Chromosome,,chr17,Nucleotide,Specific Position,43051094,,,,T,
Substitution,Chromosome,,chr17,Nucleotide,Specific Position,43051102,,,,A,
Substitution,Chromosome,,chr17,Nucleotide,Specific Position,43057054,,,,A,
Substitution,Chromosome,,chr17,Nucleotide,Specific Position,43057057,,,,A,
Substitution,Chromosome,,chr17,Nucleotide,Specific Position,43057063,,,,A,
Substitution,Chromosome,,chr17,Nucleotide,Specific Position,43057069,,,,A,
Substitution,Chromosome,,chr17,Nucleotide,Specific Position,43057072,,,,A,
Substitution,Chromosome,,chr17,Nucleotide,Specific Position,43057078,,,,A,
Substitution,Chromosome,,chr17,Nucleotide,Specific Position,43057081,,,,A,
Substitution,Chromosome,,chr17,Nucleotide,Specific Position,43057090,,,,A,
Substitution,Chromosome,,chr17,Nucleotide,Specific Position,43057099,,,,A,
Substitution,Chromosome,,chr17,Nucleotide,Specific Position,43057102,,,,A,
Substitution,Chromosome,,chr17,Nucleotide,Specific Position,43057117,,,,A,
Substitution,Chromosome,,chr17,Nucleotide,Specific Position,43057120,,,,A,
Substitution,Chromosome,,chr17,Nucleotide,Specific Position,43057126,,,,A,
Substitution,Chromosome,,chr17,Nucleotide,Specific Position,43063335,,,,A,
Substitution,Chromosome,,chr17,Nucleotide,Specific Position,43063347,,,,A,
Substitution,Chromosome,,chr17,Nucleotide,Specific Position,43063350,,,,A,
Substitution,Chromosome,,chr17,Nucleotide,Specific Position,43063353,,,,A,
Substitution,Chromosome,,chr17,Nucleotide,Specific Position,43063356,,,,A,
Substitution,Chromosome,,chr17,Nucleotide,Specific Position,43063365,,,,A,
Substitution,Chromosome,,chr17,Nucleotide,Specific Position,43063372,,,,T,
Substitution,Chromosome,,chr17,Nucleotide,Specific Position,43063373,,,,T,
Substitution,Chromosome,,chr17,Nucleotide,Specific Position,43063878,,,,T,
Substitution,Chromosome,,chr17,Nucleotide,Specific Position,43063878,,,,C,
Substitution,Chromosome,,chr17,Nucleotide,Specific Position,43063890,,,,T,
Substitution,Chromosome,,chr17,Nucleotide,Specific Position,43063891,,,,T,
Substitution,Chromosome,,chr17,Nucleotide,Specific Position,43063895,,,,A,
Substitution,Chromosome,,chr17,Nucleotide,Specific Position,43063898,,,,A,
Substitution,Chromosome,,chr17,Nucleotide,Specific Position,43063901,,,,A,
Substitution,Chromosome,,chr17,Nucleotide,Specific Position,43063910,,,,A,
Substitution,Chromosome,,chr17,Nucleotide,Specific Position,43063917,,,,T,
Substitution,Chromosome,,chr17,Nucleotide,Specific Position,43063917,,,,C,
Substitution,Chromosome,,chr17,Nucleotide,Specific Position,43063922,,,,A,
Substitution,Chromosome,,chr17,Nucleotide,Specific Position,43063934,,,,A,
Substitution,Chromosome,,chr17,Nucleotide,Specific Position,43063935,,,,T,
Substitution,Chromosome,,chr17,Nucleotide,Specific Position,43063946,,,,A,
Substitution,Chromosome,,chr17,Nucleotide,Specific Position,43067614,,,,A,
Substitution,Chromosome,,chr17,Nucleotide,Specific Position,43067635,,,,A,
Substitution,Chromosome,,chr17,Nucleotide,Specific Position,43067638,,,,A,
Substitution,Chromosome,,chr17,Nucleotide,Specific Position,43067655,,,,T,
Substitution,Chromosome,,chr17,Nucleotide,Specific Position,43067655,,,,C,
Substitution,Chromosome,,chr17,Nucleotide,Specific Position,43067671,,,,A,
Substitution,Chromosome,,chr17,Nucleotide,Specific Position,43067674,,,,A,
Substitution,Chromosome,,chr17,Nucleotide,Specific Position,43067683,,,,A,
Substitution,Chromosome,,chr17,Nucleotide,Specific Position,43067684,,,,T,
Substitution,Chromosome,,chr17,Nucleotide,Specific Position,43067684,,,,C,
Substitution,Chromosome,,chr17,Nucleotide,Specific Position,43070933,,,,A,
Substitution,Chromosome,,chr17,Nucleotide,Specific Position,43070936,,,,A,
Substitution,Chromosome,,chr17,Nucleotide,Specific Position,43070969,,,,A,
Substitution,Chromosome,,chr17,Nucleotide,Specific Position,43070972,,,,A,
Substitution,Chromosome,,chr17,Nucleotide,Specific Position,43070984,,,,A,
Substitution,Chromosome,,chr17,Nucleotide,Specific Position,43070989,,,,T,
Substitution,Chromosome,,chr17,Nucleotide,Specific Position,43070989,,,,C,
Substitution,Chromosome,,chr17,Nucleotide,Specific Position,43070998,,,,T,
Substitution,Chromosome,,chr17,Nucleotide,Specific Position,43071002,,,,A,
Substitution,Chromosome,,chr17,Nucleotide,Specific Position,43071008,,,,A,
Substitution,Chromosome,,chr17,Nucleotide,Specific Position,43071011,,,,A,
Substitution,Chromosome,,chr17,Nucleotide,Specific Position,43071026,,,,A,
Substitution,Chromosome,,chr17,Nucleotide,Specific Position,43071029,,,,A,
Substitution,Chromosome,,chr17,Nucleotide,Specific Position,43071039,,,,T,
Substitution,Chromosome,,chr17,Nucleotide,Specific Position,43071039,,,,C,
Substitution,Chromosome,,chr17,Nucleotide,Specific Position,43071080,,,,A,
Substitution,Chromosome,,chr17,Nucleotide,Specific Position,43071089,,,,A,
Substitution,Chromosome,,chr17,Nucleotide,Specific Position,43071098,,,,A,
Substitution,Chromosome,,chr17,Nucleotide,Specific Position,43071100,,,,T,
Substitution,Chromosome,,chr17,Nucleotide,Specific Position,43071104,,,,A,
Substitution,Chromosome,,chr17,Nucleotide,Specific Position,43071113,,,,A,
Substitution,Chromosome,,chr17,Nucleotide,Specific Position,43071115,,,,T,
Substitution,Chromosome,,chr17,Nucleotide,Specific Position,43071127,,,,T,
Substitution,Chromosome,,chr17,Nucleotide,Specific Position,43071127,,,,C,
Substitution,Chromosome,,chr17,Nucleotide,Specific Position,43071154,,,,T,
Substitution,Chromosome,,chr17,Nucleotide,Specific Position,43071154,,,,C,
Substitution,Chromosome,,chr17,Nucleotide,Specific Position,43071158,,,,A,
Substitution,Chromosome,,chr17,Nucleotide,Specific Position,43071167,,,,A,
Substitution,Chromosome,,chr17,Nucleotide,Specific Position,43071173,,,,A,
Substitution,Chromosome,,chr17,Nucleotide,Specific Position,43071188,,,,A,
Substitution,Chromosome,,chr17,Nucleotide,Specific Position,43071215,,,,A,
Substitution,Chromosome,,chr17,Nucleotide,Specific Position,43071221,,,,A,
Substitution,Chromosome,,chr17,Nucleotide,Specific Position,43071225,,,,T,
Substitution,Chromosome,,chr17,Nucleotide,Specific Position,43071225,,,,C,
Substitution,Chromosome,,chr17,Nucleotide,Specific Position,43071236,,,,A,
Substitution,Chromosome,,chr17,Nucleotide,Specific Position,43074331,,,,A,
Substitution,Chromosome,,chr17,Nucleotide,Specific Position,43074340,,,,A,
Substitution,Chromosome,,chr17,Nucleotide,Specific Position,43074348,,,,T,
Substitution,Chromosome,,chr17,Nucleotide,Specific Position,43074350,,,,T,
Substitution,Chromosome,,chr17,Nucleotide,Specific Position,43074350,,,,C,
Substitution,Chromosome,,chr17,Nucleotide,Specific Position,43074361,,,,A,
Substitution,Chromosome,,chr17,Nucleotide,Specific Position,43074366,,,,T,
Substitution,Chromosome,,chr17,Nucleotide,Specific Position,43074385,,,,A,
Substitution,Chromosome,,chr17,Nucleotide,Specific Position,43074388,,,,A,
Substitution,Chromosome,,chr17,Nucleotide,Specific Position,43074394,,,,A,
Substitution,Chromosome,,chr17,Nucleotide,Specific Position,43074397,,,,A,
Substitution,Chromosome,,chr17,Nucleotide,Specific Position,43074400,,,,A,
Substitution,Chromosome,,chr17,Nucleotide,Specific Position,43074403,,,,A,
Substitution,Chromosome,,chr17,Nucleotide,Specific Position,43074418,,,,A,
Substitution,Chromosome,,chr17,Nucleotide,Specific Position,43074427,,,,A,
Substitution,Chromosome,,chr17,Nucleotide,Specific Position,43074430,,,,A,
Substitution,Chromosome,,chr17,Nucleotide,Specific Position,43074433,,,,A,
Substitution,Chromosome,,chr17,Nucleotide,Specific Position,43074440,,,,T,
Substitution,Chromosome,,chr17,Nucleotide,Specific Position,43074440,,,,C,
Substitution,Chromosome,,chr17,Nucleotide,Specific Position,43074448,,,,A,
Substitution,Chromosome,,chr17,Nucleotide,Specific Position,43074454,,,,A,
Substitution,Chromosome,,chr17,Nucleotide,Specific Position,43074467,,,,T,
Substitution,Chromosome,,chr17,Nucleotide,Specific Position,43074479,,,,T,
Substitution,Chromosome,,chr17,Nucleotide,Specific Position,43074479,,,,C,
Substitution,Chromosome,,chr17,Nucleotide,Specific Position,43074482,,,,T,
Substitution,Chromosome,,chr17,Nucleotide,Specific Position,43074483,,,,T,
Substitution,Chromosome,,chr17,Nucleotide,Specific Position,43074495,,,,T,
Substitution,Chromosome,,chr17,Nucleotide,Specific Position,43074495,,,,C,
Substitution,Chromosome,,chr17,Nucleotide,Specific Position,43074498,,,,T,
Substitution,Chromosome,,chr17,Nucleotide,Specific Position,43074498,,,,C,
Substitution,Chromosome,,chr17,Nucleotide,Specific Position,43074503,,,,T,
Substitution,Chromosome,,chr17,Nucleotide,Specific Position,43074508,,,,A,
Substitution,Chromosome,,chr17,Nucleotide,Specific Position,43074519,,,,T,
Substitution,Chromosome,,chr17,Nucleotide,Specific Position,43074519,,,,C,
Substitution,Chromosome,,chr17,Nucleotide,Specific Position,43076492,,,,A,
Substitution,Chromosome,,chr17,Nucleotide,Specific Position,43076498,,,,A,
Substitution,Chromosome,,chr17,Nucleotide,Specific Position,43076504,,,,A,
Substitution,Chromosome,,chr17,Nucleotide,Specific Position,43076507,,,,A,
Substitution,Chromosome,,chr17,Nucleotide,Specific Position,43076513,,,,A,
Substitution,Chromosome,,chr17,Nucleotide,Specific Position,43076540,,,,A,
Substitution,Chromosome,,chr17,Nucleotide,Specific Position,43076546,,,,A,
Substitution,Chromosome,,chr17,Nucleotide,Specific Position,43076564,,,,A,
Substitution,Chromosome,,chr17,Nucleotide,Specific Position,43076573,,,,A,
Substitution,Chromosome,,chr17,Nucleotide,Specific Position,43076583,,,,T,
Substitution,Chromosome,,chr17,Nucleotide,Specific Position,43076583,,,,C,
Substitution,Chromosome,,chr17,Nucleotide,Specific Position,43076588,,,,A,
Substitution,Chromosome,,chr17,Nucleotide,Specific Position,43076597,,,,A,
Substitution,Chromosome,,chr17,Nucleotide,Specific Position,43076600,,,,A,
Substitution,Chromosome,,chr17,Nucleotide,Specific Position,43076602,,,,T,
Substitution,Chromosome,,chr17,Nucleotide,Specific Position,43076602,,,,C,
Substitution,Chromosome,,chr17,Nucleotide,Specific Position,43076608,,,,T,
Substitution,Chromosome,,chr17,Nucleotide,Specific Position,43076608,,,,C,
Substitution,Chromosome,,chr17,Nucleotide,Specific Position,43082407,,,,A,
Substitution,Chromosome,,chr17,Nucleotide,Specific Position,43082410,,,,A,
Substitution,Chromosome,,chr17,Nucleotide,Specific Position,43082412,,,,T,
Substitution,Chromosome,,chr17,Nucleotide,Specific Position,43082412,,,,C,
Substitution,Chromosome,,chr17,Nucleotide,Specific Position,43082422,,,,A,
Substitution,Chromosome,,chr17,Nucleotide,Specific Position,43082425,,,,A,
Substitution,Chromosome,,chr17,Nucleotide,Specific Position,43082434,,,,A,
Substitution,Chromosome,,chr17,Nucleotide,Specific Position,43082443,,,,A,
Substitution,Chromosome,,chr17,Nucleotide,Specific Position,43082474,,,,T,
Substitution,Chromosome,,chr17,Nucleotide,Specific Position,43082474,,,,C,
Substitution,Chromosome,,chr17,Nucleotide,Specific Position,43082491,,,,A,
Substitution,Chromosome,,chr17,Nucleotide,Specific Position,43082503,,,,A,
Substitution,Chromosome,,chr17,Nucleotide,Specific Position,43082506,,,,A,
Substitution,Chromosome,,chr17,Nucleotide,Specific Position,43082508,,,,T,
Substitution,Chromosome,,chr17,Nucleotide,Specific Position,43082508,,,,C,
Substitution,Chromosome,,chr17,Nucleotide,Specific Position,43082518,,,,A,
Substitution,Chromosome,,chr17,Nucleotide,Specific Position,43082524,,,,A,
Substitution,Chromosome,,chr17,Nucleotide,Specific Position,43082533,,,,A,
Substitution,Chromosome,,chr17,Nucleotide,Specific Position,43082536,,,,A,
Substitution,Chromosome,,chr17,Nucleotide,Specific Position,43082539,,,,A,
Substitution,Chromosome,,chr17,Nucleotide,Specific Position,43082545,,,,A,
Substitution,Chromosome,,chr17,Nucleotide,Specific Position,43082560,,,,A,
Substitution,Chromosome,,chr17,Nucleotide,Specific Position,43082575,,,,A,
Substitution,Chromosome,,chr17,Nucleotide,Specific Position,43090946,,,,A,
Substitution,Chromosome,,chr17,Nucleotide,Specific Position,43090954,,,,T,
Substitution,Chromosome,,chr17,Nucleotide,Specific Position,43090954,,,,C,
Substitution,Chromosome,,chr17,Nucleotide,Specific Position,43090967,,,,A,
Substitution,Chromosome,,chr17,Nucleotide,Specific Position,43090981,,,,T,
Substitution,Chromosome,,chr17,Nucleotide,Specific Position,43090981,,,,C,
Substitution,Chromosome,,chr17,Nucleotide,Specific Position,43090983,,,,T,
Substitution,Chromosome,,chr17,Nucleotide,Specific Position,43090991,,,,A,
Substitution,Chromosome,,chr17,Nucleotide,Specific Position,43091006,,,,A,
Substitution,Chromosome,,chr17,Nucleotide,Specific Position,43091012,,,,A,
Substitution,Chromosome,,chr17,Nucleotide,Specific Position,43091013,,,,T,
Substitution,Chromosome,,chr17,Nucleotide,Specific Position,43091030,,,,A,
Substitution,Chromosome,,chr17,Nucleotide,Specific Position,43091437,,,,T,
Substitution,Chromosome,,chr17,Nucleotide,Specific Position,43091437,,,,C,
Substitution,Chromosome,,chr17,Nucleotide,Specific Position,43091443,,,,T,
Substitution,Chromosome,,chr17,Nucleotide,Specific Position,43091443,,,,C,
Substitution,Chromosome,,chr17,Nucleotide,Specific Position,43091456,,,,A,
Substitution,Chromosome,,chr17,Nucleotide,Specific Position,43091459,,,,A,
Substitution,Chromosome,,chr17,Nucleotide,Specific Position,43091462,,,,A,
Substitution,Chromosome,,chr17,Nucleotide,Specific Position,43091465,,,,A,
Substitution,Chromosome,,chr17,Nucleotide,Specific Position,43091474,,,,A,
Substitution,Chromosome,,chr17,Nucleotide,Specific Position,43091477,,,,A,
Substitution,Chromosome,,chr17,Nucleotide,Specific Position,43091479,,,,T,
Substitution,Chromosome,,chr17,Nucleotide,Specific Position,43091489,,,,A,
Substitution,Chromosome,,chr17,Nucleotide,Specific Position,43091492,,,,A,
Substitution,Chromosome,,chr17,Nucleotide,Specific Position,43091495,,,,A,
Substitution,Chromosome,,chr17,Nucleotide,Specific Position,43091498,,,,A,
Substitution,Chromosome,,chr17,Nucleotide,Specific Position,43091506,,,,T,
Substitution,Chromosome,,chr17,Nucleotide,Specific Position,43091506,,,,C,
Substitution,Chromosome,,chr17,Nucleotide,Specific Position,43091512,,,,T,
Substitution,Chromosome,,chr17,Nucleotide,Specific Position,43091516,,,,A,
Substitution,Chromosome,,chr17,Nucleotide,Specific Position,43091519,,,,A,
Substitution,Chromosome,,chr17,Nucleotide,Specific Position,43091537,,,,A,
Substitution,Chromosome,,chr17,Nucleotide,Specific Position,43091540,,,,A,
Substitution,Chromosome,,chr17,Nucleotide,Specific Position,43091546,,,,A,
Substitution,Chromosome,,chr17,Nucleotide,Specific Position,43091552,,,,A,
Substitution,Chromosome,,chr17,Nucleotide,Specific Position,43091564,,,,A,
Substitution,Chromosome,,chr17,Nucleotide,Specific Position,43091567,,,,A,
Substitution,Chromosome,,chr17,Nucleotide,Specific Position,43091581,,,,T,
Substitution,Chromosome,,chr17,Nucleotide,Specific Position,43091594,,,,A,
Substitution,Chromosome,,chr17,Nucleotide,Specific Position,43091614,,,,T,
Substitution,Chromosome,,chr17,Nucleotide,Specific Position,43091621,,,,A,
Substitution,Chromosome,,chr17,Nucleotide,Specific Position,43091623,,,,T,
Substitution,Chromosome,,chr17,Nucleotide,Specific Position,43091627,,,,A,
Substitution,Chromosome,,chr17,Nucleotide,Specific Position,43091631,,,,T,
Substitution,Chromosome,,chr17,Nucleotide,Specific Position,43091636,,,,A,
Substitution,Chromosome,,chr17,Nucleotide,Specific Position,43091638,,,,T,
Substitution,Chromosome,,chr17,Nucleotide,Specific Position,43091638,,,,C,
Substitution,Chromosome,,chr17,Nucleotide,Specific Position,43091647,,,,T,
Substitution,Chromosome,,chr17,Nucleotide,Specific Position,43091658,,,,T,
Substitution,Chromosome,,chr17,Nucleotide,Specific Position,43091663,,,,A,
Substitution,Chromosome,,chr17,Nucleotide,Specific Position,43091669,,,,A,
Substitution,Chromosome,,chr17,Nucleotide,Specific Position,43091672,,,,A,
Substitution,Chromosome,,chr17,Nucleotide,Specific Position,43091687,,,,A,
Substitution,Chromosome,,chr17,Nucleotide,Specific Position,43091690,,,,A,
Substitution,Chromosome,,chr17,Nucleotide,Specific Position,43091699,,,,A,
Substitution,Chromosome,,chr17,Nucleotide,Specific Position,43091704,,,,T,
Substitution,Chromosome,,chr17,Nucleotide,Specific Position,43091714,,,,A,
Substitution,Chromosome,,chr17,Nucleotide,Specific Position,43091721,,,,T,
Substitution,Chromosome,,chr17,Nucleotide,Specific Position,43091731,,,,T,
Substitution,Chromosome,,chr17,Nucleotide,Specific Position,43091731,,,,C,
Substitution,Chromosome,,chr17,Nucleotide,Specific Position,43091741,,,,A,
Substitution,Chromosome,,chr17,Nucleotide,Specific Position,43091743,,,,T,
Substitution,Chromosome,,chr17,Nucleotide,Specific Position,43091746,,,,T,
Substitution,Chromosome,,chr17,Nucleotide,Specific Position,43091746,,,,C,
Substitution,Chromosome,,chr17,Nucleotide,Specific Position,43091749,,,,T,
Substitution,Chromosome,,chr17,Nucleotide,Specific Position,43091749,,,,C,
Substitution,Chromosome,,chr17,Nucleotide,Specific Position,43091752,,,,T,
Substitution,Chromosome,,chr17,Nucleotide,Specific Position,43091752,,,,C,
Substitution,Chromosome,,chr17,Nucleotide,Specific Position,43091759,,,,A,
Substitution,Chromosome,,chr17,Nucleotide,Specific Position,43091762,,,,A,
Substitution,Chromosome,,chr17,Nucleotide,Specific Position,43091771,,,,A,
Substitution,Chromosome,,chr17,Nucleotide,Specific Position,43091778,,,,T,
Substitution,Chromosome,,chr17,Nucleotide,Specific Position,43091783,,,,A,
Substitution,Chromosome,,chr17,Nucleotide,Specific Position,43091813,,,,A,
Substitution,Chromosome,,chr17,Nucleotide,Specific Position,43091834,,,,A,
Substitution,Chromosome,,chr17,Nucleotide,Specific Position,43091842,,,,T,
Substitution,Chromosome,,chr17,Nucleotide,Specific Position,43091842,,,,C,
Substitution,Chromosome,,chr17,Nucleotide,Specific Position,43091845,,,,T,
Substitution,Chromosome,,chr17,Nucleotide,Specific Position,43091852,,,,A,
Substitution,Chromosome,,chr17,Nucleotide,Specific Position,43091856,,,,T,
Substitution,Chromosome,,chr17,Nucleotide,Specific Position,43091867,,,,A,
Substitution,Chromosome,,chr17,Nucleotide,Specific Position,43091870,,,,A,
Substitution,Chromosome,,chr17,Nucleotide,Specific Position,43091876,,,,A,
Substitution,Chromosome,,chr17,Nucleotide,Specific Position,43091884,,,,T,
Substitution,Chromosome,,chr17,Nucleotide,Specific Position,43091884,,,,C,
Substitution,Chromosome,,chr17,Nucleotide,Specific Position,43091891,,,,A,
Substitution,Chromosome,,chr17,Nucleotide,Specific Position,43091894,,,,A,
Substitution,Chromosome,,chr17,Nucleotide,Specific Position,43091896,,,,T,
Substitution,Chromosome,,chr17,Nucleotide,Specific Position,43091896,,,,C,
Substitution,Chromosome,,chr17,Nucleotide,Specific Position,43091903,,,,A,
Substitution,Chromosome,,chr17,Nucleotide,Specific Position,43091905,,,,T,
Substitution,Chromosome,,chr17,Nucleotide,Specific Position,43091905,,,,C,
Substitution,Chromosome,,chr17,Nucleotide,Specific Position,43091909,,,,A,
Substitution,Chromosome,,chr17,Nucleotide,Specific Position,43091912,,,,A,
Substitution,Chromosome,,chr17,Nucleotide,Specific Position,43091921,,,,A,
Substitution,Chromosome,,chr17,Nucleotide,Specific Position,43091924,,,,A,
Substitution,Chromosome,,chr17,Nucleotide,Specific Position,43091925,,,,T,
Substitution,Chromosome,,chr17,Nucleotide,Specific Position,43091925,,,,C,
Substitution,Chromosome,,chr17,Nucleotide,Specific Position,43091933,,,,A,
Substitution,Chromosome,,chr17,Nucleotide,Specific Position,43091938,,,,T,
Substitution,Chromosome,,chr17,Nucleotide,Specific Position,43091978,,,,A,
Substitution,Chromosome,,chr17,Nucleotide,Specific Position,43091981,,,,A,
Substitution,Chromosome,,chr17,Nucleotide,Specific Position,43091984,,,,A,
Substitution,Chromosome,,chr17,Nucleotide,Specific Position,43091987,,,,A,
Substitution,Chromosome,,chr17,Nucleotide,Specific Position,43091996,,,,A,
Substitution,Chromosome,,chr17,Nucleotide,Specific Position,43092017,,,,A,
Substitution,Chromosome,,chr17,Nucleotide,Specific Position,43092020,,,,A,
Substitution,Chromosome,,chr17,Nucleotide,Specific Position,43092032,,,,A,
Substitution,Chromosome,,chr17,Nucleotide,Specific Position,43092050,,,,A,
Substitution,Chromosome,,chr17,Nucleotide,Specific Position,43092053,,,,A,
Substitution,Chromosome,,chr17,Nucleotide,Specific Position,43092059,,,,A,
Substitution,Chromosome,,chr17,Nucleotide,Specific Position,43092070,,,,T,
Substitution,Chromosome,,chr17,Nucleotide,Specific Position,43092070,,,,C,
Substitution,Chromosome,,chr17,Nucleotide,Specific Position,43092089,,,,A,
Substitution,Chromosome,,chr17,Nucleotide,Specific Position,43092093,,,,T,
Substitution,Chromosome,,chr17,Nucleotide,Specific Position,43092101,,,,A,
Substitution,Chromosome,,chr17,Nucleotide,Specific Position,43092119,,,,A,
Substitution,Chromosome,,chr17,Nucleotide,Specific Position,43092128,,,,A,
Substitution,Chromosome,,chr17,Nucleotide,Specific Position,43092131,,,,A,
Substitution,Chromosome,,chr17,Nucleotide,Specific Position,43092133,,,,T,
Substitution,Chromosome,,chr17,Nucleotide,Specific Position,43092133,,,,C,
Substitution,Chromosome,,chr17,Nucleotide,Specific Position,43092142,,,,T,
Substitution,Chromosome,,chr17,Nucleotide,Specific Position,43092142,,,,C,
Substitution,Chromosome,,chr17,Nucleotide,Specific Position,43092150,,,,T,
Substitution,Chromosome,,chr17,Nucleotide,Specific Position,43092150,,,,C,
Substitution,Chromosome,,chr17,Nucleotide,Specific Position,43092179,,,,A,
Substitution,Chromosome,,chr17,Nucleotide,Specific Position,43092188,,,,A,
Substitution,Chromosome,,chr17,Nucleotide,Specific Position,43092191,,,,A,
Substitution,Chromosome,,chr17,Nucleotide,Specific Position,43092192,,,,T,
Substitution,Chromosome,,chr17,Nucleotide,Specific Position,43092192,,,,C,
Substitution,Chromosome,,chr17,Nucleotide,Specific Position,43092197,,,,A,
Substitution,Chromosome,,chr17,Nucleotide,Specific Position,43092200,,,,A,
Substitution,Chromosome,,chr17,Nucleotide,Specific Position,43092203,,,,A,
Substitution,Chromosome,,chr17,Nucleotide,Specific Position,43092206,,,,A,
Substitution,Chromosome,,chr17,Nucleotide,Specific Position,43092212,,,,A,
Substitution,Chromosome,,chr17,Nucleotide,Specific Position,43092221,,,,A,
Substitution,Chromosome,,chr17,Nucleotide,Specific Position,43092222,,,,T,
Substitution,Chromosome,,chr17,Nucleotide,Specific Position,43092233,,,,A,
Substitution,Chromosome,,chr17,Nucleotide,Specific Position,43092245,,,,A,
Substitution,Chromosome,,chr17,Nucleotide,Specific Position,43092248,,,,A,
Substitution,Chromosome,,chr17,Nucleotide,Specific Position,43092249,,,,T,
Substitution,Chromosome,,chr17,Nucleotide,Specific Position,43092249,,,,C,
Substitution,Chromosome,,chr17,Nucleotide,Specific Position,43092257,,,,A,
Substitution,Chromosome,,chr17,Nucleotide,Specific Position,43092263,,,,A,
Substitution,Chromosome,,chr17,Nucleotide,Specific Position,43092265,,,,T,
Substitution,Chromosome,,chr17,Nucleotide,Specific Position,43092274,,,,T,
Substitution,Chromosome,,chr17,Nucleotide,Specific Position,43092274,,,,C,
Substitution,Chromosome,,chr17,Nucleotide,Specific Position,43092278,,,,A,
Substitution,Chromosome,,chr17,Nucleotide,Specific Position,43092292,,,,T,
Substitution,Chromosome,,chr17,Nucleotide,Specific Position,43092296,,,,A,
Substitution,Chromosome,,chr17,Nucleotide,Specific Position,43092305,,,,A,
Substitution,Chromosome,,chr17,Nucleotide,Specific Position,43092311,,,,A,
Substitution,Chromosome,,chr17,Nucleotide,Specific Position,43092320,,,,A,
Substitution,Chromosome,,chr17,Nucleotide,Specific Position,43092326,,,,A,
Substitution,Chromosome,,chr17,Nucleotide,Specific Position,43092335,,,,A,
Substitution,Chromosome,,chr17,Nucleotide,Specific Position,43092353,,,,A,
Substitution,Chromosome,,chr17,Nucleotide,Specific Position,43092374,,,,A,
Substitution,Chromosome,,chr17,Nucleotide,Specific Position,43092395,,,,A,
Substitution,Chromosome,,chr17,Nucleotide,Specific Position,43092409,,,,T,
Substitution,Chromosome,,chr17,Nucleotide,Specific Position,43092409,,,,C,
Substitution,Chromosome,,chr17,Nucleotide,Specific Position,43092419,,,,A,
Substitution,Chromosome,,chr17,Nucleotide,Specific Position,43092422,,,,A,
Substitution,Chromosome,,chr17,Nucleotide,Specific Position,43092434,,,,A,
Substitution,Chromosome,,chr17,Nucleotide,Specific Position,43092437,,,,A,
Substitution,Chromosome,,chr17,Nucleotide,Specific Position,43092482,,,,A,
Substitution,Chromosome,,chr17,Nucleotide,Specific Position,43092488,,,,A,
Substitution,Chromosome,,chr17,Nucleotide,Specific Position,43092494,,,,A,
Substitution,Chromosome,,chr17,Nucleotide,Specific Position,43092497,,,,A,
Substitution,Chromosome,,chr17,Nucleotide,Specific Position,43092500,,,,A,
Substitution,Chromosome,,chr17,Nucleotide,Specific Position,43092505,,,,T,
Substitution,Chromosome,,chr17,Nucleotide,Specific Position,43092505,,,,C,
Substitution,Chromosome,,chr17,Nucleotide,Specific Position,43092511,,,,T,
Substitution,Chromosome,,chr17,Nucleotide,Specific Position,43092511,,,,C,
Substitution,Chromosome,,chr17,Nucleotide,Specific Position,43092518,,,,A,
Substitution,Chromosome,,chr17,Nucleotide,Specific Position,43092521,,,,A,
Substitution,Chromosome,,chr17,Nucleotide,Specific Position,43092530,,,,A,
Substitution,Chromosome,,chr17,Nucleotide,Specific Position,43092533,,,,A,
Substitution,Chromosome,,chr17,Nucleotide,Specific Position,43092545,,,,A,
Substitution,Chromosome,,chr17,Nucleotide,Specific Position,43092548,,,,A,
Substitution,Chromosome,,chr17,Nucleotide,Specific Position,43092549,,,,T,
Substitution,Chromosome,,chr17,Nucleotide,Specific Position,43092554,,,,A,
Substitution,Chromosome,,chr17,Nucleotide,Specific Position,43092560,,,,A,
Substitution,Chromosome,,chr17,Nucleotide,Specific Position,43092568,,,,T,
Substitution,Chromosome,,chr17,Nucleotide,Specific Position,43092568,,,,C,
Substitution,Chromosome,,chr17,Nucleotide,Specific Position,43092572,,,,A,
Substitution,Chromosome,,chr17,Nucleotide,Specific Position,43092597,,,,T,
Substitution,Chromosome,,chr17,Nucleotide,Specific Position,43092597,,,,C,
Substitution,Chromosome,,chr17,Nucleotide,Specific Position,43092608,,,,A,
Substitution,Chromosome,,chr17,Nucleotide,Specific Position,43092610,,,,T,
Substitution,Chromosome,,chr17,Nucleotide,Specific Position,43092610,,,,C,
Substitution,Chromosome,,chr17,Nucleotide,Specific Position,43092617,,,,A,
Substitution,Chromosome,,chr17,Nucleotide,Specific Position,43092623,,,,A,
Substitution,Chromosome,,chr17,Nucleotide,Specific Position,43092641,,,,A,
Substitution,Chromosome,,chr17,Nucleotide,Specific Position,43092647,,,,A,
Substitution,Chromosome,,chr17,Nucleotide,Specific Position,43092656,,,,A,
Substitution,Chromosome,,chr17,Nucleotide,Specific Position,43092662,,,,A,
Substitution,Chromosome,,chr17,Nucleotide,Specific Position,43092667,,,,T,
Substitution,Chromosome,,chr17,Nucleotide,Specific Position,43092667,,,,C,
Substitution,Chromosome,,chr17,Nucleotide,Specific Position,43092672,,,,T,
Substitution,Chromosome,,chr17,Nucleotide,Specific Position,43092689,,,,A,
Substitution,Chromosome,,chr17,Nucleotide,Specific Position,43092692,,,,A,
Substitution,Chromosome,,chr17,Nucleotide,Specific Position,43092699,,,,T,
Substitution,Chromosome,,chr17,Nucleotide,Specific Position,43092704,,,,A,
Substitution,Chromosome,,chr17,Nucleotide,Specific Position,43092722,,,,A,
Substitution,Chromosome,,chr17,Nucleotide,Specific Position,43092728,,,,A,
Substitution,Chromosome,,chr17,Nucleotide,Specific Position,43092731,,,,A,
Substitution,Chromosome,,chr17,Nucleotide,Specific Position,43092770,,,,A,
Substitution,Chromosome,,chr17,Nucleotide,Specific Position,43092779,,,,A,
Substitution,Chromosome,,chr17,Nucleotide,Specific Position,43092791,,,,A,
Substitution,Chromosome,,chr17,Nucleotide,Specific Position,43092797,,,,A,
Substitution,Chromosome,,chr17,Nucleotide,Specific Position,43092800,,,,A,
Substitution,Chromosome,,chr17,Nucleotide,Specific Position,43092803,,,,A,
Substitution,Chromosome,,chr17,Nucleotide,Specific Position,43092809,,,,A,
Substitution,Chromosome,,chr17,Nucleotide,Specific Position,43092812,,,,A,
Substitution,Chromosome,,chr17,Nucleotide,Specific Position,43092815,,,,A,
Substitution,Chromosome,,chr17,Nucleotide,Specific Position,43092818,,,,A,
Substitution,Chromosome,,chr17,Nucleotide,Specific Position,43092821,,,,A,
Substitution,Chromosome,,chr17,Nucleotide,Specific Position,43092822,,,,T,
Substitution,Chromosome,,chr17,Nucleotide,Specific Position,43092827,,,,A,
Substitution,Chromosome,,chr17,Nucleotide,Specific Position,43092839,,,,A,
Substitution,Chromosome,,chr17,Nucleotide,Specific Position,43092848,,,,A,
Substitution,Chromosome,,chr17,Nucleotide,Specific Position,43092851,,,,A,
Substitution,Chromosome,,chr17,Nucleotide,Specific Position,43092854,,,,A,
Substitution,Chromosome,,chr17,Nucleotide,Specific Position,43092856,,,,T,
Substitution,Chromosome,,chr17,Nucleotide,Specific Position,43092856,,,,C,
Substitution,Chromosome,,chr17,Nucleotide,Specific Position,43092885,,,,T,
Substitution,Chromosome,,chr17,Nucleotide,Specific Position,43092890,,,,A,
Substitution,Chromosome,,chr17,Nucleotide,Specific Position,43092893,,,,A,
Substitution,Chromosome,,chr17,Nucleotide,Specific Position,43092896,,,,A,
Substitution,Chromosome,,chr17,Nucleotide,Specific Position,43092905,,,,A,
Substitution,Chromosome,,chr17,Nucleotide,Specific Position,43092913,,,,T,
Substitution,Chromosome,,chr17,Nucleotide,Specific Position,43092913,,,,C,
Substitution,Chromosome,,chr17,Nucleotide,Specific Position,43092928,,,,T,
Substitution,Chromosome,,chr17,Nucleotide,Specific Position,43092928,,,,C,
Substitution,Chromosome,,chr17,Nucleotide,Specific Position,43092932,,,,A,
Substitution,Chromosome,,chr17,Nucleotide,Specific Position,43092938,,,,A,
Substitution,Chromosome,,chr17,Nucleotide,Specific Position,43092940,,,,T,
Substitution,Chromosome,,chr17,Nucleotide,Specific Position,43092940,,,,C,
Substitution,Chromosome,,chr17,Nucleotide,Specific Position,43092947,,,,A,
Substitution,Chromosome,,chr17,Nucleotide,Specific Position,43092959,,,,A,
Substitution,Chromosome,,chr17,Nucleotide,Specific Position,43092961,,,,T,
Substitution,Chromosome,,chr17,Nucleotide,Specific Position,43092963,,,,T,
Substitution,Chromosome,,chr17,Nucleotide,Specific Position,43092963,,,,C,
Substitution,Chromosome,,chr17,Nucleotide,Specific Position,43092968,,,,A,
Substitution,Chromosome,,chr17,Nucleotide,Specific Position,43092980,,,,A,
Substitution,Chromosome,,chr17,Nucleotide,Specific Position,43092986,,,,A,
Substitution,Chromosome,,chr17,Nucleotide,Specific Position,43092989,,,,A,
Substitution,Chromosome,,chr17,Nucleotide,Specific Position,43092995,,,,A,
Substitution,Chromosome,,chr17,Nucleotide,Specific Position,43093007,,,,A,
Substitution,Chromosome,,chr17,Nucleotide,Specific Position,43093025,,,,A,
Substitution,Chromosome,,chr17,Nucleotide,Specific Position,43093031,,,,A,
Substitution,Chromosome,,chr17,Nucleotide,Specific Position,43093033,,,,T,
Substitution,Chromosome,,chr17,Nucleotide,Specific Position,43093038,,,,T,
Substitution,Chromosome,,chr17,Nucleotide,Specific Position,43093038,,,,C,
Substitution,Chromosome,,chr17,Nucleotide,Specific Position,43093043,,,,A,
Substitution,Chromosome,,chr17,Nucleotide,Specific Position,43093052,,,,A,
Substitution,Chromosome,,chr17,Nucleotide,Specific Position,43093064,,,,A,
Substitution,Chromosome,,chr17,Nucleotide,Specific Position,43093073,,,,A,
Substitution,Chromosome,,chr17,Nucleotide,Specific Position,43093077,,,,T,
Substitution,Chromosome,,chr17,Nucleotide,Specific Position,43093094,,,,A,
Substitution,Chromosome,,chr17,Nucleotide,Specific Position,43093097,,,,A,
Substitution,Chromosome,,chr17,Nucleotide,Specific Position,43093106,,,,A,
Substitution,Chromosome,,chr17,Nucleotide,Specific Position,43093116,,,,T,
Substitution,Chromosome,,chr17,Nucleotide,Specific Position,43093121,,,,A,
Substitution,Chromosome,,chr17,Nucleotide,Specific Position,43093128,,,,T,
Substitution,Chromosome,,chr17,Nucleotide,Specific Position,43093133,,,,A,
Substitution,Chromosome,,chr17,Nucleotide,Specific Position,43093142,,,,A,
Substitution,Chromosome,,chr17,Nucleotide,Specific Position,43093148,,,,A,
Substitution,Chromosome,,chr17,Nucleotide,Specific Position,43093154,,,,A,
Substitution,Chromosome,,chr17,Nucleotide,Specific Position,43093172,,,,A,
Substitution,Chromosome,,chr17,Nucleotide,Specific Position,43093177,,,,T,
Substitution,Chromosome,,chr17,Nucleotide,Specific Position,43093177,,,,C,
Substitution,Chromosome,,chr17,Nucleotide,Specific Position,43093180,,,,T,
Substitution,Chromosome,,chr17,Nucleotide,Specific Position,43093190,,,,A,
Substitution,Chromosome,,chr17,Nucleotide,Specific Position,43093193,,,,A,
Substitution,Chromosome,,chr17,Nucleotide,Specific Position,43093200,,,,T,
Substitution,Chromosome,,chr17,Nucleotide,Specific Position,43093200,,,,C,
Substitution,Chromosome,,chr17,Nucleotide,Specific Position,43093219,,,,T,
Substitution,Chromosome,,chr17,Nucleotide,Specific Position,43093222,,,,T,
Substitution,Chromosome,,chr17,Nucleotide,Specific Position,43093222,,,,C,
Substitution,Chromosome,,chr17,Nucleotide,Specific Position,43093238,,,,A,
Substitution,Chromosome,,chr17,Nucleotide,Specific Position,43093247,,,,A,
Substitution,Chromosome,,chr17,Nucleotide,Specific Position,43093250,,,,A,
Substitution,Chromosome,,chr17,Nucleotide,Specific Position,43093256,,,,A,
Substitution,Chromosome,,chr17,Nucleotide,Specific Position,43093258,,,,T,
Substitution,Chromosome,,chr17,Nucleotide,Specific Position,43093268,,,,A,
Substitution,Chromosome,,chr17,Nucleotide,Specific Position,43093271,,,,A,
Substitution,Chromosome,,chr17,Nucleotide,Specific Position,43093276,,,,T,
Substitution,Chromosome,,chr17,Nucleotide,Specific Position,43093276,,,,C,
Substitution,Chromosome,,chr17,Nucleotide,Specific Position,43093289,,,,A,
Substitution,Chromosome,,chr17,Nucleotide,Specific Position,43093298,,,,A,
Substitution,Chromosome,,chr17,Nucleotide,Specific Position,43093316,,,,A,
Substitution,Chromosome,,chr17,Nucleotide,Specific Position,43093325,,,,A,
Substitution,Chromosome,,chr17,Nucleotide,Specific Position,43093331,,,,A,
Substitution,Chromosome,,chr17,Nucleotide,Specific Position,43093334,,,,A,
Substitution,Chromosome,,chr17,Nucleotide,Specific Position,43093337,,,,A,
Substitution,Chromosome,,chr17,Nucleotide,Specific Position,43093340,,,,A,
Substitution,Chromosome,,chr17,Nucleotide,Specific Position,43093343,,,,A,
Substitution,Chromosome,,chr17,Nucleotide,Specific Position,43093346,,,,A,
Substitution,Chromosome,,chr17,Nucleotide,Specific Position,43093349,,,,A,
Substitution,Chromosome,,chr17,Nucleotide,Specific Position,43093373,,,,A,
Substitution,Chromosome,,chr17,Nucleotide,Specific Position,43093376,,,,A,
Substitution,Chromosome,,chr17,Nucleotide,Specific Position,43093382,,,,A,
Substitution,Chromosome,,chr17,Nucleotide,Specific Position,43093393,,,,T,
Substitution,Chromosome,,chr17,Nucleotide,Specific Position,43093393,,,,C,
Substitution,Chromosome,,chr17,Nucleotide,Specific Position,43093395,,,,T,
Substitution,Chromosome,,chr17,Nucleotide,Specific Position,43093400,,,,A,
Substitution,Chromosome,,chr17,Nucleotide,Specific Position,43093426,,,,T,
Substitution,Chromosome,,chr17,Nucleotide,Specific Position,43093426,,,,C,
Substitution,Chromosome,,chr17,Nucleotide,Specific Position,43093430,,,,A,
Substitution,Chromosome,,chr17,Nucleotide,Specific Position,43093436,,,,A,
Substitution,Chromosome,,chr17,Nucleotide,Specific Position,43093460,,,,A,
Substitution,Chromosome,,chr17,Nucleotide,Specific Position,43093463,,,,A,
Substitution,Chromosome,,chr17,Nucleotide,Specific Position,43093472,,,,A,
Substitution,Chromosome,,chr17,Nucleotide,Specific Position,43093475,,,,A,
Substitution,Chromosome,,chr17,Nucleotide,Specific Position,43093484,,,,A,
Substitution,Chromosome,,chr17,Nucleotide,Specific Position,43093493,,,,A,
Substitution,Chromosome,,chr17,Nucleotide,Specific Position,43093496,,,,A,
Substitution,Chromosome,,chr17,Nucleotide,Specific Position,43093502,,,,A,
Substitution,Chromosome,,chr17,Nucleotide,Specific Position,43093514,,,,A,
Substitution,Chromosome,,chr17,Nucleotide,Specific Position,43093517,,,,A,
Substitution,Chromosome,,chr17,Nucleotide,Specific Position,43093523,,,,A,
Substitution,Chromosome,,chr17,Nucleotide,Specific Position,43093532,,,,A,
Substitution,Chromosome,,chr17,Nucleotide,Specific Position,43093541,,,,A,
Substitution,Chromosome,,chr17,Nucleotide,Specific Position,43093562,,,,A,
Substitution,Chromosome,,chr17,Nucleotide,Specific Position,43093566,,,,T,
Substitution,Chromosome,,chr17,Nucleotide,Specific Position,43093566,,,,C,
Substitution,Chromosome,,chr17,Nucleotide,Specific Position,43093571,,,,A,
Substitution,Chromosome,,chr17,Nucleotide,Specific Position,43093574,,,,A,
Substitution,Chromosome,,chr17,Nucleotide,Specific Position,43093577,,,,A,
Substitution,Chromosome,,chr17,Nucleotide,Specific Position,43093580,,,,A,
Substitution,Chromosome,,chr17,Nucleotide,Specific Position,43093586,,,,A,
Substitution,Chromosome,,chr17,Nucleotide,Specific Position,43093589,,,,A,
Substitution,Chromosome,,chr17,Nucleotide,Specific Position,43093599,,,,T,
Substitution,Chromosome,,chr17,Nucleotide,Specific Position,43093613,,,,A,
Substitution,Chromosome,,chr17,Nucleotide,Specific Position,43093615,,,,T,
Substitution,Chromosome,,chr17,Nucleotide,Specific Position,43093619,,,,A,
Substitution,Chromosome,,chr17,Nucleotide,Specific Position,43093623,,,,T,
Substitution,Chromosome,,chr17,Nucleotide,Specific Position,43093646,,,,A,
Substitution,Chromosome,,chr17,Nucleotide,Specific Position,43093661,,,,A,
Substitution,Chromosome,,chr17,Nucleotide,Specific Position,43093691,,,,A,
Substitution,Chromosome,,chr17,Nucleotide,Specific Position,43093709,,,,A,
Substitution,Chromosome,,chr17,Nucleotide,Specific Position,43093712,,,,A,
Substitution,Chromosome,,chr17,Nucleotide,Specific Position,43093721,,,,A,
Substitution,Chromosome,,chr17,Nucleotide,Specific Position,43093723,,,,T,
Substitution,Chromosome,,chr17,Nucleotide,Specific Position,43093723,,,,C,
Substitution,Chromosome,,chr17,Nucleotide,Specific Position,43093738,,,,T,
Substitution,Chromosome,,chr17,Nucleotide,Specific Position,43093738,,,,C,
Substitution,Chromosome,,chr17,Nucleotide,Specific Position,43093742,,,,A,
Substitution,Chromosome,,chr17,Nucleotide,Specific Position,43093748,,,,A,
Substitution,Chromosome,,chr17,Nucleotide,Specific Position,43093778,,,,A,
Substitution,Chromosome,,chr17,Nucleotide,Specific Position,43093784,,,,A,
Substitution,Chromosome,,chr17,Nucleotide,Specific Position,43093790,,,,A,
Substitution,Chromosome,,chr17,Nucleotide,Specific Position,43093802,,,,A,
Substitution,Chromosome,,chr17,Nucleotide,Specific Position,43093805,,,,A,
Substitution,Chromosome,,chr17,Nucleotide,Specific Position,43093808,,,,A,
Substitution,Chromosome,,chr17,Nucleotide,Specific Position,43093813,,,,T,
Substitution,Chromosome,,chr17,Nucleotide,Specific Position,43093813,,,,C,
Substitution,Chromosome,,chr17,Nucleotide,Specific Position,43093817,,,,A,
Substitution,Chromosome,,chr17,Nucleotide,Specific Position,43093835,,,,A,
Substitution,Chromosome,,chr17,Nucleotide,Specific Position,43093838,,,,A,
Substitution,Chromosome,,chr17,Nucleotide,Specific Position,43093844,,,,A,
Substitution,Chromosome,,chr17,Nucleotide,Specific Position,43093859,,,,A,
Substitution,Chromosome,,chr17,Nucleotide,Specific Position,43093865,,,,A,
Substitution,Chromosome,,chr17,Nucleotide,Specific Position,43093871,,,,A,
Substitution,Chromosome,,chr17,Nucleotide,Specific Position,43093901,,,,A,
Substitution,Chromosome,,chr17,Nucleotide,Specific Position,43093910,,,,A,
Substitution,Chromosome,,chr17,Nucleotide,Specific Position,43093913,,,,A,
Substitution,Chromosome,,chr17,Nucleotide,Specific Position,43093919,,,,A,
Substitution,Chromosome,,chr17,Nucleotide,Specific Position,43093928,,,,A,
Substitution,Chromosome,,chr17,Nucleotide,Specific Position,43093931,,,,A,
Substitution,Chromosome,,chr17,Nucleotide,Specific Position,43093943,,,,A,
Substitution,Chromosome,,chr17,Nucleotide,Specific Position,43093952,,,,A,
Substitution,Chromosome,,chr17,Nucleotide,Specific Position,43093955,,,,A,
Substitution,Chromosome,,chr17,Nucleotide,Specific Position,43093963,,,,T,
Substitution,Chromosome,,chr17,Nucleotide,Specific Position,43093973,,,,A,
Substitution,Chromosome,,chr17,Nucleotide,Specific Position,43093976,,,,A,
Substitution,Chromosome,,chr17,Nucleotide,Specific Position,43093988,,,,A,
Substitution,Chromosome,,chr17,Nucleotide,Specific Position,43094002,,,,T,
Substitution,Chromosome,,chr17,Nucleotide,Specific Position,43094002,,,,C,
Substitution,Chromosome,,chr17,Nucleotide,Specific Position,43094012,,,,A,
Substitution,Chromosome,,chr17,Nucleotide,Specific Position,43094018,,,,A,
Substitution,Chromosome,,chr17,Nucleotide,Specific Position,43094024,,,,A,
Substitution,Chromosome,,chr17,Nucleotide,Specific Position,43094026,,,,T,
Substitution,Chromosome,,chr17,Nucleotide,Specific Position,43094026,,,,C,
Substitution,Chromosome,,chr17,Nucleotide,Specific Position,43094030,,,,A,
Substitution,Chromosome,,chr17,Nucleotide,Specific Position,43094048,,,,A,
Substitution,Chromosome,,chr17,Nucleotide,Specific Position,43094051,,,,A,
Substitution,Chromosome,,chr17,Nucleotide,Specific Position,43094060,,,,A,
Substitution,Chromosome,,chr17,Nucleotide,Specific Position,43094066,,,,A,
Substitution,Chromosome,,chr17,Nucleotide,Specific Position,43094081,,,,A,
Substitution,Chromosome,,chr17,Nucleotide,Specific Position,43094096,,,,A,
Substitution,Chromosome,,chr17,Nucleotide,Specific Position,43094110,,,,T,
Substitution,Chromosome,,chr17,Nucleotide,Specific Position,43094110,,,,C,
Substitution,Chromosome,,chr17,Nucleotide,Specific Position,43094129,,,,A,
Substitution,Chromosome,,chr17,Nucleotide,Specific Position,43094132,,,,A,
Substitution,Chromosome,,chr17,Nucleotide,Specific Position,43094136,,,,T,
Substitution,Chromosome,,chr17,Nucleotide,Specific Position,43094136,,,,C,
Substitution,Chromosome,,chr17,Nucleotide,Specific Position,43094144,,,,A,
Substitution,Chromosome,,chr17,Nucleotide,Specific Position,43094156,,,,A,
Substitution,Chromosome,,chr17,Nucleotide,Specific Position,43094162,,,,A,
Substitution,Chromosome,,chr17,Nucleotide,Specific Position,43094174,,,,A,
Substitution,Chromosome,,chr17,Nucleotide,Specific Position,43094179,,,,T,
Substitution,Chromosome,,chr17,Nucleotide,Specific Position,43094179,,,,C,
Substitution,Chromosome,,chr17,Nucleotide,Specific Position,43094183,,,,A,
Substitution,Chromosome,,chr17,Nucleotide,Specific Position,43094195,,,,A,
Substitution,Chromosome,,chr17,Nucleotide,Specific Position,43094198,,,,A,
Substitution,Chromosome,,chr17,Nucleotide,Specific Position,43094204,,,,A,
Substitution,Chromosome,,chr17,Nucleotide,Specific Position,43094205,,,,T,
Substitution,Chromosome,,chr17,Nucleotide,Specific Position,43094212,,,,T,
Substitution,Chromosome,,chr17,Nucleotide,Specific Position,43094212,,,,C,
Substitution,Chromosome,,chr17,Nucleotide,Specific Position,43094219,,,,A,
Substitution,Chromosome,,chr17,Nucleotide,Specific Position,43094239,,,,T,
Substitution,Chromosome,,chr17,Nucleotide,Specific Position,43094239,,,,C,
Substitution,Chromosome,,chr17,Nucleotide,Specific Position,43094249,,,,A,
Substitution,Chromosome,,chr17,Nucleotide,Specific Position,43094252,,,,A,
Substitution,Chromosome,,chr17,Nucleotide,Specific Position,43094254,,,,T,
Substitution,Chromosome,,chr17,Nucleotide,Specific Position,43094254,,,,C,
Substitution,Chromosome,,chr17,Nucleotide,Specific Position,43094265,,,,T,
Substitution,Chromosome,,chr17,Nucleotide,Specific Position,43094265,,,,C,
Substitution,Chromosome,,chr17,Nucleotide,Specific Position,43094270,,,,A,
Substitution,Chromosome,,chr17,Nucleotide,Specific Position,43094279,,,,A,
Substitution,Chromosome,,chr17,Nucleotide,Specific Position,43094293,,,,T,
Substitution,Chromosome,,chr17,Nucleotide,Specific Position,43094309,,,,A,
Substitution,Chromosome,,chr17,Nucleotide,Specific Position,43094317,,,,T,
Substitution,Chromosome,,chr17,Nucleotide,Specific Position,43094317,,,,C,
Substitution,Chromosome,,chr17,Nucleotide,Specific Position,43094321,,,,A,
Substitution,Chromosome,,chr17,Nucleotide,Specific Position,43094327,,,,A,
Substitution,Chromosome,,chr17,Nucleotide,Specific Position,43094338,,,,T,
Substitution,Chromosome,,chr17,Nucleotide,Specific Position,43094338,,,,C,
Substitution,Chromosome,,chr17,Nucleotide,Specific Position,43094353,,,,T,
Substitution,Chromosome,,chr17,Nucleotide,Specific Position,43094353,,,,C,
Substitution,Chromosome,,chr17,Nucleotide,Specific Position,43094360,,,,A,
Substitution,Chromosome,,chr17,Nucleotide,Specific Position,43094369,,,,A,
Substitution,Chromosome,,chr17,Nucleotide,Specific Position,43094376,,,,T,
Substitution,Chromosome,,chr17,Nucleotide,Specific Position,43094377,,,,T,
Substitution,Chromosome,,chr17,Nucleotide,Specific Position,43094381,,,,A,
Substitution,Chromosome,,chr17,Nucleotide,Specific Position,43094390,,,,A,
Substitution,Chromosome,,chr17,Nucleotide,Specific Position,43094393,,,,A,
Substitution,Chromosome,,chr17,Nucleotide,Specific Position,43094415,,,,T,
Substitution,Chromosome,,chr17,Nucleotide,Specific Position,43094416,,,,T,
Substitution,Chromosome,,chr17,Nucleotide,Specific Position,43094429,,,,A,
Substitution,Chromosome,,chr17,Nucleotide,Specific Position,43094438,,,,A,
Substitution,Chromosome,,chr17,Nucleotide,Specific Position,43094447,,,,A,
Substitution,Chromosome,,chr17,Nucleotide,Specific Position,43094449,,,,T,
Substitution,Chromosome,,chr17,Nucleotide,Specific Position,43094449,,,,C,
Substitution,Chromosome,,chr17,Nucleotide,Specific Position,43094451,,,,T,
Substitution,Chromosome,,chr17,Nucleotide,Specific Position,43094462,,,,A,
Substitution,Chromosome,,chr17,Nucleotide,Specific Position,43094465,,,,A,
Substitution,Chromosome,,chr17,Nucleotide,Specific Position,43094468,,,,A,
Substitution,Chromosome,,chr17,Nucleotide,Specific Position,43094472,,,,T,
Substitution,Chromosome,,chr17,Nucleotide,Specific Position,43094473,,,,T,
Substitution,Chromosome,,chr17,Nucleotide,Specific Position,43094477,,,,A,
Substitution,Chromosome,,chr17,Nucleotide,Specific Position,43094480,,,,A,
Substitution,Chromosome,,chr17,Nucleotide,Specific Position,43094483,,,,A,
Substitution,Chromosome,,chr17,Nucleotide,Specific Position,43094486,,,,A,
Substitution,Chromosome,,chr17,Nucleotide,Specific Position,43094487,,,,T,
Substitution,Chromosome,,chr17,Nucleotide,Specific Position,43094516,,,,A,
Substitution,Chromosome,,chr17,Nucleotide,Specific Position,43094519,,,,A,
Substitution,Chromosome,,chr17,Nucleotide,Specific Position,43094522,,,,A,
Substitution,Chromosome,,chr17,Nucleotide,Specific Position,43094547,,,,T,
Substitution,Chromosome,,chr17,Nucleotide,Specific Position,43094555,,,,A,
Substitution,Chromosome,,chr17,Nucleotide,Specific Position,43094558,,,,A,
Substitution,Chromosome,,chr17,Nucleotide,Specific Position,43094564,,,,A,
Substitution,Chromosome,,chr17,Nucleotide,Specific Position,43094568,,,,T,
Substitution,Chromosome,,chr17,Nucleotide,Specific Position,43094569,,,,T,
Substitution,Chromosome,,chr17,Nucleotide,Specific Position,43094573,,,,A,
Substitution,Chromosome,,chr17,Nucleotide,Specific Position,43094582,,,,A,
Substitution,Chromosome,,chr17,Nucleotide,Specific Position,43094593,,,,T,
Substitution,Chromosome,,chr17,Nucleotide,Specific Position,43094593,,,,C,
Substitution,Chromosome,,chr17,Nucleotide,Specific Position,43094603,,,,A,
Substitution,Chromosome,,chr17,Nucleotide,Specific Position,43094606,,,,A,
Substitution,Chromosome,,chr17,Nucleotide,Specific Position,43094612,,,,A,
Substitution,Chromosome,,chr17,Nucleotide,Specific Position,43094616,,,,T,
Substitution,Chromosome,,chr17,Nucleotide,Specific Position,43094624,,,,A,
Substitution,Chromosome,,chr17,Nucleotide,Specific Position,43094630,,,,A,
Substitution,Chromosome,,chr17,Nucleotide,Specific Position,43094633,,,,A,
Substitution,Chromosome,,chr17,Nucleotide,Specific Position,43094645,,,,A,
Substitution,Chromosome,,chr17,Nucleotide,Specific Position,43094651,,,,A,
Substitution,Chromosome,,chr17,Nucleotide,Specific Position,43094659,,,,T,
Substitution,Chromosome,,chr17,Nucleotide,Specific Position,43094659,,,,C,
Substitution,Chromosome,,chr17,Nucleotide,Specific Position,43094662,,,,T,
Substitution,Chromosome,,chr17,Nucleotide,Specific Position,43094662,,,,C,
Substitution,Chromosome,,chr17,Nucleotide,Specific Position,43094675,,,,A,
Substitution,Chromosome,,chr17,Nucleotide,Specific Position,43094681,,,,A,
Substitution,Chromosome,,chr17,Nucleotide,Specific Position,43094683,,,,T,
Substitution,Chromosome,,chr17,Nucleotide,Specific Position,43094683,,,,C,
Substitution,Chromosome,,chr17,Nucleotide,Specific Position,43094686,,,,T,
Substitution,Chromosome,,chr17,Nucleotide,Specific Position,43094686,,,,C,
Substitution,Chromosome,,chr17,Nucleotide,Specific Position,43094709,,,,T,
Substitution,Chromosome,,chr17,Nucleotide,Specific Position,43094717,,,,A,
Substitution,Chromosome,,chr17,Nucleotide,Specific Position,43094725,,,,T,
Substitution,Chromosome,,chr17,Nucleotide,Specific Position,43094731,,,,T,
Substitution,Chromosome,,chr17,Nucleotide,Specific Position,43094731,,,,C,
Substitution,Chromosome,,chr17,Nucleotide,Specific Position,43094747,,,,A,
Substitution,Chromosome,,chr17,Nucleotide,Specific Position,43094748,,,,T,
Substitution,Chromosome,,chr17,Nucleotide,Specific Position,43094748,,,,C,
Substitution,Chromosome,,chr17,Nucleotide,Specific Position,43094753,,,,A,
Substitution,Chromosome,,chr17,Nucleotide,Specific Position,43094756,,,,A,
Substitution,Chromosome,,chr17,Nucleotide,Specific Position,43094768,,,,A,
Substitution,Chromosome,,chr17,Nucleotide,Specific Position,43094780,,,,A,
Substitution,Chromosome,,chr17,Nucleotide,Specific Position,43094783,,,,A,
Substitution,Chromosome,,chr17,Nucleotide,Specific Position,43094794,,,,T,
Substitution,Chromosome,,chr17,Nucleotide,Specific Position,43094813,,,,A,
Substitution,Chromosome,,chr17,Nucleotide,Specific Position,43094822,,,,A,
Substitution,Chromosome,,chr17,Nucleotide,Specific Position,43094843,,,,A,
Substitution,Chromosome,,chr17,Nucleotide,Specific Position,43094852,,,,A,
Substitution,Chromosome,,chr17,Nucleotide,Specific Position,43094853,,,,T,
Substitution,Chromosome,,chr17,Nucleotide,Specific Position,43095849,,,,A,
Substitution,Chromosome,,chr17,Nucleotide,Specific Position,43095852,,,,A,
Substitution,Chromosome,,chr17,Nucleotide,Specific Position,43095863,,,,T,
Substitution,Chromosome,,chr17,Nucleotide,Specific Position,43095873,,,,A,
Substitution,Chromosome,,chr17,Nucleotide,Specific Position,43095885,,,,A,
Substitution,Chromosome,,chr17,Nucleotide,Specific Position,43095888,,,,A,
Substitution,Chromosome,,chr17,Nucleotide,Specific Position,43095900,,,,A,
Substitution,Chromosome,,chr17,Nucleotide,Specific Position,43095902,,,,T,
Substitution,Chromosome,,chr17,Nucleotide,Specific Position,43095902,,,,C,
Substitution,Chromosome,,chr17,Nucleotide,Specific Position,43095905,,,,T,
Substitution,Chromosome,,chr17,Nucleotide,Specific Position,43095909,,,,A,
Substitution,Chromosome,,chr17,Nucleotide,Specific Position,43095912,,,,A,
Substitution,Chromosome,,chr17,Nucleotide,Specific Position,43095918,,,,A,
Substitution,Chromosome,,chr17,Nucleotide,Specific Position,43097246,,,,T,
Substitution,Chromosome,,chr17,Nucleotide,Specific Position,43097249,,,,T,
Substitution,Chromosome,,chr17,Nucleotide,Specific Position,43097249,,,,C,
Substitution,Chromosome,,chr17,Nucleotide,Specific Position,43097260,,,,A,
Substitution,Chromosome,,chr17,Nucleotide,Specific Position,43097275,,,,A,
Substitution,Chromosome,,chr17,Nucleotide,Specific Position,43099775,,,,A,
Substitution,Chromosome,,chr17,Nucleotide,Specific Position,43099777,,,,T,
Substitution,Chromosome,,chr17,Nucleotide,Specific Position,43099781,,,,A,
Substitution,Chromosome,,chr17,Nucleotide,Specific Position,43099785,,,,T,
Substitution,Chromosome,,chr17,Nucleotide,Specific Position,43099785,,,,C,
Substitution,Chromosome,,chr17,Nucleotide,Specific Position,43099799,,,,A,
Substitution,Chromosome,,chr17,Nucleotide,Specific Position,43099802,,,,A,
Substitution,Chromosome,,chr17,Nucleotide,Specific Position,43099808,,,,A,
Substitution,Chromosome,,chr17,Nucleotide,Specific Position,43099817,,,,A,
Substitution,Chromosome,,chr17,Nucleotide,Specific Position,43099820,,,,A,
Substitution,Chromosome,,chr17,Nucleotide,Specific Position,43099835,,,,A,
Substitution,Chromosome,,chr17,Nucleotide,Specific Position,43099844,,,,A,
Substitution,Chromosome,,chr17,Nucleotide,Specific Position,43099859,,,,A,
Substitution,Chromosome,,chr17,Nucleotide,Specific Position,43099877,,,,A,
Substitution,Chromosome,,chr17,Nucleotide,Specific Position,43099880,,,,A,
Substitution,Chromosome,,chr17,Nucleotide,Specific Position,43104123,,,,T,
Substitution,Chromosome,,chr17,Nucleotide,Specific Position,43104136,,,,A,
Substitution,Chromosome,,chr17,Nucleotide,Specific Position,43104142,,,,A,
Substitution,Chromosome,,chr17,Nucleotide,Specific Position,43104148,,,,A,
Substitution,Chromosome,,chr17,Nucleotide,Specific Position,43104157,,,,A,
Substitution,Chromosome,,chr17,Nucleotide,Specific Position,43104160,,,,A,
Substitution,Chromosome,,chr17,Nucleotide,Specific Position,43104172,,,,A,
Substitution,Chromosome,,chr17,Nucleotide,Specific Position,43104173,,,,T,
Substitution,Chromosome,,chr17,Nucleotide,Specific Position,43104173,,,,C,
Substitution,Chromosome,,chr17,Nucleotide,Specific Position,43104187,,,,A,
Substitution,Chromosome,,chr17,Nucleotide,Specific Position,43104202,,,,A,
Substitution,Chromosome,,chr17,Nucleotide,Specific Position,43104208,,,,A,
Substitution,Chromosome,,chr17,Nucleotide,Specific Position,43104217,,,,A,
Substitution,Chromosome,,chr17,Nucleotide,Specific Position,43104232,,,,A,
Substitution,Chromosome,,chr17,Nucleotide,Specific Position,43104235,,,,A,
Substitution,Chromosome,,chr17,Nucleotide,Specific Position,43104238,,,,A,
Substitution,Chromosome,,chr17,Nucleotide,Specific Position,43104248,,,,C,
Substitution,Chromosome,,chr17,Nucleotide,Specific Position,43104248,,,,T,
Substitution,Chromosome,,chr17,Nucleotide,Specific Position,43104260,,,,T,
Substitution,Chromosome,,chr17,Nucleotide,Specific Position,43104260,,,,C,
Substitution,Chromosome,,chr17,Nucleotide,Specific Position,43104871,,,,A,
Substitution,Chromosome,,chr17,Nucleotide,Specific Position,43104873,,,,T,
Substitution,Chromosome,,chr17,Nucleotide,Specific Position,43104889,,,,A,
Substitution,Chromosome,,chr17,Nucleotide,Specific Position,43104896,,,,T,
Substitution,Chromosome,,chr17,Nucleotide,Specific Position,43104907,,,,A,
Substitution,Chromosome,,chr17,Nucleotide,Specific Position,43104909,,,,T,
Substitution,Chromosome,,chr17,Nucleotide,Specific Position,43104916,,,,A,
Substitution,Chromosome,,chr17,Nucleotide,Specific Position,43104919,,,,A,
Substitution,Chromosome,,chr17,Nucleotide,Specific Position,43104928,,,,A,
Substitution,Chromosome,,chr17,Nucleotide,Specific Position,43104937,,,,A,
Substitution,Chromosome,,chr17,Nucleotide,Specific Position,43104946,,,,A,
Substitution,Chromosome,,chr17,Nucleotide,Specific Position,43104949,,,,A,
Substitution,Chromosome,,chr17,Nucleotide,Specific Position,43106460,,,,A,
Substitution,Chromosome,,chr17,Nucleotide,Specific Position,43106475,,,,A,
Substitution,Chromosome,,chr17,Nucleotide,Specific Position,43106476,,,,T,
Substitution,Chromosome,,chr17,Nucleotide,Specific Position,43106480,,,,T,
Substitution,Chromosome,,chr17,Nucleotide,Specific Position,43106480,,,,C,
Substitution,Chromosome,,chr17,Nucleotide,Specific Position,43106485,,,,T,
Substitution,Chromosome,,chr17,Nucleotide,Specific Position,43106490,,,,A,
Substitution,Chromosome,,chr17,Nucleotide,Specific Position,43106492,,,,T,
Substitution,Chromosome,,chr17,Nucleotide,Specific Position,43106492,,,,C,
Substitution,Chromosome,,chr17,Nucleotide,Specific Position,43106502,,,,A,
Substitution,Chromosome,,chr17,Nucleotide,Specific Position,43106505,,,,A,
Substitution,Chromosome,,chr17,Nucleotide,Specific Position,43106508,,,,A,
Substitution,Chromosome,,chr17,Nucleotide,Specific Position,43106520,,,,A,
Substitution,Chromosome,,chr17,Nucleotide,Specific Position,43106527,,,,T,
Substitution,Chromosome,,chr17,Nucleotide,Specific Position,43115727,,,,A,
Substitution,Chromosome,,chr17,Nucleotide,Specific Position,43115728,,,,T,
Substitution,Chromosome,,chr17,Nucleotide,Specific Position,43115743,,,,T,
Substitution,Chromosome,,chr17,Nucleotide,Specific Position,43115748,,,,A,
Substitution,Chromosome,,chr17,Nucleotide,Specific Position,43115763,,,,A,
Substitution,Chromosome,,chr17,Nucleotide,Specific Position,43115766,,,,A,
Substitution,Chromosome,,chr17,Nucleotide,Specific Position,43115771,,,,T,
Substitution,Chromosome,,chr17,Nucleotide,Specific Position,43115775,,,,A,
Substitution,Chromosome,,chr17,Nucleotide,Specific Position,43115779,,,,T,
Substitution,Chromosome,,chr17,Nucleotide,Specific Position,43124025,,,,T,
Substitution,Chromosome,,chr17,Nucleotide,Specific Position,43124030,,,,A,
Substitution,Chromosome,,chr17,Nucleotide,Specific Position,43124032,,,,T,
Substitution,Chromosome,,chr17,Nucleotide,Specific Position,43124032,,,,C,
Substitution,Chromosome,,chr17,Nucleotide,Specific Position,43124039,,,,A,
Substitution,Chromosome,,chr17,Nucleotide,Specific Position,43124042,,,,A,
Substitution,Chromosome,,chr17,Nucleotide,Specific Position,43124063,,,,A,
Substitution,Chromosome,,chr17,Nucleotide,Specific Position,43124069,,,,A,
Substitution,Chromosome,,chr17,Nucleotide,Specific Position,43124072,,,,A,
Substitution,Chromosome,,chr17,Nucleotide,Specific Position,43124089,,,,T,
Substitution,Chromosome,,chr17,Nucleotide,Specific Position,43124089,,,,C,
